applicant,email,position,available_slots
Aakriti Bhagat,aakritibhagat1@gmail.com,Socials,"Thu-10,Sat-10,Thu-11,Sat-11,Thu-12,Sat-12,Thu-13,Sat-13,Thu-14,Sat-14,Thu-15,Thu-16,Thu-17,Thu-18"
Alyssa Cheong,alyssacheong1@gmail.com,Outreach,"Wed-9,Thu-9,Fri-9,Sat-9,Wed-10,Thu-10,Fri-10,Sat-10,Wed-11,Thu-11,Fri-11,Sat-11,Wed-12,Thu-12,Fri-12,Sat-12,Thu-13,Fri-13,Sat-13,Fri-14,Sat-14,Fri-15,Sat-15,Fri-16,Sat-16,Fri-17,Sat-17,Fri-18,Sat-18"
Amber Lucas,z5591928@ad.unsw.edu.au,Women in Mechatronics,"Tue-10,Tue-11,Tue-12,Thu-12,Tue-13,Thu-13,Tue-14,Thu-14,Tue-15,Thu-15,Tue-16,Thu-16,Tue-17,Thu-17"
Angelina (Angie) Nguyen,angelina.nguyen808@gmail.com,,"Tue-9,Wed-9,Thu-9,Fri-9,Tue-10,Wed-10,Thu-10,Fri-10"
Anish Reddy,anish.reddy747@gmail.com,Marketing x Creatives,"Wed-10,Tue-11,Wed-11,Thu-11,Fri-11,Tue-12,Wed-12,Thu-12,Fri-12,Tue-13,Wed-13,Thu-13,Fri-13,Tue-14,Wed-14,Thu-14,Fri-14,Tue-15,Wed-15,Thu-15,Fri-15,Tue-16"
Anjika Sharma,anjikasharmaedu@gmail.com,Outreach,"Fri-10,Thu-11,Fri-11,Thu-12,Fri-12,Sat-12,Thu-13,Sat-13,Thu-14,Sat-14,Thu-15,Sat-15,Thu-16,Thu-17"
Anna Xian,annaxian56@gmail.com,"Workshops, Projects, Women in Mechatronics","Tue-9,Tue-10,Tue-11,Fri-11,Tue-12,Thu-12,Fri-12,Tue-13,Thu-13,Fri-13,Tue-14,Thu-14,Tue-15"
Anoushka Jain,anoushka0675@gmail.com,Women in Mechatronics,"Tue-16,Fri-16,Sat-16,Tue-17,Fri-17,Sat-17,Tue-18,Fri-18,Sat-18"
Ansh Ganne,z5690803@ad.unsw.edu.au,,"Fri-9,Fri-10,Fri-11,Thu-12,Fri-12,Thu-13,Fri-13,Thu-14"
Arabella Tavares,arabellatav23@gmail.com,"Socials, Marketing x Creatives, Outreach","Wed-10,Fri-10,Wed-11,Fri-11,Wed-12,Fri-12,Tue-13,Wed-13,Fri-13,Tue-14,Fri-14,Tue-15,Tue-16"
Arjun Agarwal,arjunagarwal427@gmail.com,IT,"Wed-9,Fri-9,Wed-10,Fri-10,Wed-11,Fri-11,Wed-12,Fri-12,Wed-13,Wed-14,Wed-15"
Aurelia Gunawan,aurelia.g0107@gmail.com,Outreach,"Thu-9,Fri-9,Thu-10,Fri-10,Thu-11,Fri-11,Thu-12,Fri-12,Thu-13,Fri-13,Thu-14,Fri-14"
Aydan pang,aydanpang2005@gmail.com,Outreach,"Thu-11,Thu-12,Thu-13"
Charchit Bhatnagar,charchitbhatnagar25@gmail.com,,"Wed-11,Fri-11,Sat-11,Tue-12,Wed-12,Fri-12,Sat-12,Tue-13,Wed-13,Fri-13,Sat-13,Tue-14,Wed-14,Fri-14,Sat-14,Tue-15,Wed-15,Fri-15,Tue-16,Wed-16,Fri-16,Fri-17"
Charles Wei,z5689207@ad.unsw.edu.au,,"Tue-11,Wed-11,Tue-12,Wed-12"
Cody Tran,codytran1313@gmail.com,Outreach,"Tue-9,Wed-9,Thu-9,Tue-10,Wed-10,Thu-10,Tue-11,Wed-11,Thu-11,Tue-12,Wed-12,Thu-12,Tue-13,Wed-13,Thu-13,Tue-14,Thu-14,Tue-15,Thu-15,Tue-16,Thu-16,Tue-17,Thu-17,Tue-18,Thu-18"
Ella Reynolds,ellareynolds@me.com,Socials,"Tue-10,Wed-10,Thu-10,Fri-10,Sat-10,Tue-11,Wed-11,Thu-11,Fri-11,Sat-11,Tue-12,Wed-12,Thu-12,Fri-12,Sat-12,Tue-13,Wed-13,Thu-13,Fri-13,Sat-13,Tue-14,Wed-14,Thu-14,Fri-14,Sat-14,Tue-15,Wed-15,Thu-15,Fri-15,Sat-15"
Eric Lin,lineric401@gmail.com,Outreach,"Tue-10,Wed-10,Thu-10,Fri-10,Tue-11,Wed-11,Thu-11,Fri-11,Tue-12,Thu-12,Fri-12,Fri-13,Fri-14,Fri-15"
Ethan Khisa,ethan.khisa@gmail.com,Outreach,"Tue-9,Wed-9,Thu-9,Fri-9,Sat-9,Tue-10,Wed-10,Thu-10,Fri-10,Sat-10,Tue-11,Wed-11,Fri-11,Sat-11,Tue-12,Wed-12,Fri-12,Sat-12,Tue-13,Wed-13,Fri-13,Sat-13,Tue-14,Wed-14,Fri-14,Sat-14,Tue-15,Sat-15,Tue-16,Sat-16,Tue-17,Sat-17,Tue-18,Sat-18"
Ethan Rafael Macaraeg Jumauan,ethanrmjumauan@gmail.com,Socials,"Wed-9,Thu-9,Fri-9,Wed-10,Thu-10,Fri-10,Wed-11,Thu-11,Fri-11,Wed-12,Thu-12,Fri-12,Wed-13,Thu-13,Fri-13"
Faisal Othiri,faisalalothiri@gmail.com,"Workshops, Projects","Tue-9,Wed-9,Thu-9,Sat-9,Tue-10,Wed-10,Thu-10,Sat-10,Tue-11,Wed-11,Thu-11,Sat-11,Tue-12,Wed-12,Thu-12,Sat-12,Tue-13,Wed-13,Thu-13,Sat-13,Tue-14,Wed-14,Thu-14,Sat-14,Tue-15,Wed-15,Thu-15,Sat-15"
Felix Mathew,felixmathew2006@gmail.com,"Workshops, Projects","Thu-9,Fri-9,Sat-9,Thu-10,Fri-10,Sat-10,Thu-11,Fri-11,Sat-11,Thu-12,Fri-12,Sat-12,Thu-13,Fri-13,Sat-13,Thu-14,Fri-14,Sat-14,Thu-15,Fri-15,Sat-15,Thu-16,Fri-16,Sat-16,Thu-17,Fri-17,Sat-17"
Garry Liu,liugarry372@gmail.com,Marketing x Creatives,"Thu-9,Fri-9,Sat-9,Thu-10,Fri-10,Sat-10,Thu-11,Fri-11,Sat-11,Thu-12,Fri-12,Sat-12,Thu-13,Fri-13,Sat-13,Thu-14,Fri-14,Sat-14,Thu-15,Fri-15,Sat-15,Thu-16,Fri-16,Sat-16,Thu-17,Fri-17,Sat-17,Thu-18,Fri-18,Sat-18"
Hamish Stoddart,hstoddart9@outlook.com,Projects,"Thu-11,Thu-12,Thu-13,Thu-14"
Harish Rakavan Varathan,harishrvarathan@gmail.com,"Marketing x Creatives, Outreach","Tue-9,Wed-9,Thu-9,Fri-9,Tue-10,Wed-10,Thu-10,Fri-10,Tue-11,Wed-11,Fri-11,Tue-12,Wed-12,Thu-12,Fri-12,Tue-13,Wed-13,Thu-13,Thu-14,Thu-15,Thu-16,Thu-17,Thu-18"
Hugo Ohis,hugo.ohis3@gmail.com,Socials,"Tue-11,Wed-11,Fri-11,Tue-12,Wed-12,Fri-12,Tue-13,Wed-13,Wed-14,Wed-15"
Jade Williams,z5480754@ad.unsw.edu.au,"Socials, Marketing x Creatives, Women in Mechatronics","Tue-9,Thu-9,Fri-9,Tue-10,Thu-10,Fri-10,Tue-11,Thu-11,Fri-11,Tue-12,Thu-12,Fri-12,Tue-13,Thu-13,Fri-13,Tue-14,Thu-14,Fri-14,Tue-15,Thu-15,Fri-15,Tue-16,Thu-16,Fri-16"
Jahi Patel,jahi.patel11@gmail.com,Outreach,"Tue-11,Thu-11,Tue-12,Thu-12,Tue-13,Tue-14,Thu-15,Thu-16,Thu-17"
Jessica Liu,jessicaliu230@gmail.com,"Industry and Sponsorships, Women in Mechatronics","Wed-9,Thu-9,Wed-10,Thu-10,Tue-11,Wed-11,Thu-11,Tue-12,Wed-12,Thu-12,Wed-13,Thu-13"
Josep Francis Sergio,josepsergio2005@gmail.com,"Marketing x Creatives, Outreach","Wed-11,Fri-11,Wed-12,Fri-12,Wed-13,Fri-13,Wed-14,Fri-14,Wed-15,Fri-15,Wed-16,Fri-16"
Kavin Maran,kavinmaran1234@gmail.com,"Industry and Sponsorships, Marketing x Creatives","Tue-9,Wed-9,Thu-9,Fri-9,Sat-9,Tue-10,Wed-10,Thu-10,Fri-10,Sat-10,Tue-11,Wed-11,Thu-11,Sat-11,Tue-12,Wed-12,Thu-12,Tue-13,Wed-13,Thu-13,Tue-14,Wed-14,Thu-14,Tue-15,Wed-15,Thu-15,Wed-16"
Kavisha Manatunga,kavisham2019@gmail.com,Women in Mechatronics,"Wed-11,Thu-11,Fri-11,Wed-12,Thu-12,Fri-12,Wed-13,Thu-13,Wed-14,Thu-14,Wed-15,Thu-15,Wed-16,Thu-16"
Kemrose Dalam,kemrosedalam@gmail.com,Women in Mechatronics,"Fri-10,Fri-11,Fri-18"
Kobe Goodridge,kobewxgoodridge@gmail.com,Workshops,"Tue-9,Wed-9,Fri-9,Sat-9,Tue-10,Wed-10,Fri-10,Sat-10,Tue-11,Wed-11,Fri-11,Sat-11,Tue-12,Wed-12,Fri-12,Sat-12,Tue-13,Wed-13,Fri-13,Sat-13,Tue-14,Wed-14,Fri-14,Sat-14,Tue-15,Wed-15,Fri-15,Sat-15,Tue-16,Wed-16,Fri-16,Tue-17,Wed-17,Fri-17,Tue-18,Wed-18,Fri-18"
Larry Lai,laixiaolai@gmail.com,Industry and Sponsorships,"Wed-9,Thu-9,Wed-10,Thu-10,Wed-11,Thu-11,Wed-12,Thu-12,Wed-13,Thu-13,Wed-14,Thu-14"
Lori Ieong,loriieong0727@gmail.com,Industry and Sponsorships,"Tue-17,Tue-18"
Mannan Vivek Zaveri,mannanvzaveri@gmail.com,"Projects, Workshops","Thu-10,Thu-11,Thu-12,Thu-13,Thu-14,Thu-15,Thu-16"
Martine Zeilinga,mezeilinga@gmail.com,"Projects, Marketing x Creatives","Tue-9,Wed-9,Tue-10,Wed-10,Tue-11,Wed-11,Tue-12,Wed-12,Tue-13,Wed-13,Tue-14,Wed-14,Wed-15"
Maytham Anwer,maythamanwer000@gmail.com,Socials,"Tue-9,Wed-9,Thu-9,Fri-9,Tue-10,Wed-10,Thu-10,Fri-10,Tue-11,Wed-11,Thu-11,Fri-11,Tue-12,Wed-12,Thu-12,Fri-12,Tue-13,Wed-13,Thu-13,Fri-13,Tue-14,Wed-14,Thu-14,Fri-14,Wed-15,Thu-15,Fri-15,Wed-16,Thu-16,Fri-16,Wed-17,Thu-17,Fri-17,Wed-18,Thu-18,Fri-18"
Mayukh Roy,mayukhroy2021@gmail.com,Marketing x Creatives,"Thu-11,Fri-11,Sat-11,Thu-12,Fri-12,Sat-12,Thu-13,Fri-13,Sat-13,Wed-14,Fri-14,Sat-14,Wed-15,Fri-15,Sat-15,Wed-16,Thu-16,Fri-16,Sat-16,Wed-17,Thu-17,Fri-17,Sat-17,Fri-18,Sat-18"
Mikayla Harvey,mikayla.harvey2005@gmail.com,"Workshops, Projects","Thu-11,Fri-11,Thu-12,Fri-12,Thu-13,Fri-13,Thu-14,Fri-14,Fri-15"
Nakshi Kshitijkumar Shah,nakshishah1807@gmail.com,"Workshops, Women in Mechatronics","Fri-15,Fri-16"
Nathan Wahiudinata,nwahiudinata@gmail.com,Marketing x Creatives,"Tue-9,Thu-9,Fri-9,Tue-10,Thu-10,Fri-10,Tue-11,Thu-11,Fri-11,Tue-12,Wed-12,Thu-12,Fri-12,Tue-13,Wed-13,Thu-13,Fri-13,Wed-14,Thu-14,Fri-14,Thu-15,Fri-15,Fri-16"
Nicole Zhang,nicole.zhang64@gmail.com,Marketing x Creatives,"Tue-11,Thu-11,Tue-12,Thu-12,Tue-13,Thu-13"
Nidhi Pisharody,z5690112@ad.unsw.edu.au,,"Sat-11,Sat-12,Sat-13"
Raiyan Azad Shoily,raiyanazadshoily@gmail.com,Marketing x Creatives,"Tue-9,Wed-9,Thu-9,Fri-9,Tue-10,Wed-10,Thu-10,Fri-10,Tue-11,Wed-11,Thu-11,Fri-11,Tue-12,Thu-12,Fri-12,Tue-13,Thu-13,Fri-13"
Raunaq Plaha,raunaq.plaha@gmail.com,"Projects, IT","Wed-10,Thu-10,Wed-11,Thu-11,Tue-12,Wed-12,Thu-12,Tue-13,Wed-13,Thu-13,Tue-14,Wed-14,Thu-14,Tue-15,Wed-15,Thu-15"
Rianda San Juan,riandasanjuan1@gmail.com,Industry and Sponsorships,"Tue-9,Wed-9,Thu-9,Fri-9,Sat-9,Fri-10,Sat-10,Fri-11,Sat-11,Fri-12,Sat-12,Sat-13,Sat-14,Sat-15,Sat-16,Sat-17,Sat-18"
Rianna De Saram,riannadesaram@gmail.com,"Socials, Outreach","Sat-11,Sat-12,Sat-13,Sat-14,Sat-15,Sat-16,Sat-17,Sat-18"
Sam Gould,sam12gould@gmail.com,Projects,"Fri-9,Tue-10,Wed-10,Thu-10,Fri-10,Tue-11,Wed-11,Thu-11,Fri-11,Tue-12,Wed-12,Thu-12,Fri-12,Sat-12,Tue-13,Wed-13,Thu-13,Fri-13,Sat-13,Tue-14,Wed-14,Thu-14,Fri-14,Sat-14,Tue-15,Wed-15,Thu-15,Fri-15,Sat-15,Wed-16,Fri-16,Sat-16,Sat-17,Sat-18"
Shreyash Purwar,shreyashpurwar0610@gmail.com,,"Tue-9,Wed-9,Sat-9,Tue-10,Wed-10,Sat-10,Wed-11,Sat-11,Wed-12,Sat-12,Wed-13,Sat-13,Wed-14,Sat-14,Tue-15,Wed-15,Sat-15,Tue-16,Wed-16,Sat-16,Tue-17,Sat-17,Tue-18,Sat-18"
Sophia Andrews,splishafighter@gmail.com,"Projects, Women in Mechatronics","Fri-11,Fri-12,Wed-13,Fri-13,Wed-14,Tue-15,Wed-15,Tue-16,Wed-16"
Taylor Tran,tayloravt@gmail.com,Women in Mechatronics,"Tue-9,Wed-9,Thu-9,Fri-9,Sat-9,Tue-10,Wed-10,Thu-10,Fri-10,Sat-10,Tue-11,Wed-11,Thu-11,Fri-11,Sat-11,Tue-12,Thu-12,Fri-12,Sat-12,Tue-13,Thu-13,Fri-13,Sat-13,Tue-14,Thu-14,Fri-14,Sat-14,Tue-15,Wed-15,Thu-15,Fri-15,Sat-15,Tue-16,Wed-16,Fri-16,Sat-16,Tue-17,Wed-17,Fri-17,Sat-17,Wed-18,Fri-18,Sat-18"
Tony Pham,tony.pham2224@gmail.com,Industry and Sponsorships,"Tue-9,Fri-9,Tue-10,Fri-10,Tue-11,Fri-11,Tue-12,Fri-12,Fri-13"
Yuyao(Tony) Tang,tonytang141@gmail.com,,"Tue-9,Wed-9,Fri-9,Tue-10,Wed-10,Fri-10,Tue-11,Wed-11,Fri-11,Tue-12,Wed-12,Fri-12,Tue-13,Wed-13,Tue-14,Tue-15,Tue-16,Tue-17,Tue-18"
