Time,Tue,Wed,Thu,Fri,Sat
9:00,"Aneesa, Angelo, Artem, Ryan, Samantha","Angelo, Artem, Petra, Samantha, Teonie","Angelo, Artem, Petra, Ryan, Samantha, Teonie","Angelo, Artem, Samantha","Angelo, Artem, Petra, Ryan, Samantha, Teonie"
10:00,"Aneesa, Angelo, Artem, Ryan, Trisha","Angelo, Artem, Petra, Teonie, Trisha","Angelo, Artem, Petra, Ryan, Teonie, Trisha","Angelo, Artem, Samantha","Angelo, Artem, Petra, Ryan, Samantha, Teonie, Trisha"
11:00,"Aneesa, Angelo, Artem, Ryan","Angelo, Artem, Petra, Teonie, Trisha","Angelo, Artem, Petra, SamB, Teonie, Trisha","Angelo, Artem, Samantha","Angelo, Artem, Petra, Ryan, SamB, Samantha, Teonie, Trisha"
12:00,"Aneesa, Angelo, Artem, Ryan","Aneesa, Angelo, Artem, Petra, Teonie, Trisha","Artem, Petra, SamB, Teonie, Trisha","Angelo, Artem, Samantha","Angelo, Artem, Petra, Ryan, SamB, Samantha, Teonie, Trisha"
13:00,"Aneesa, Angelo, Artem, Ryan, SamB, Samantha, Trisha","Aneesa, Angelo, Artem, Petra, Teonie","Artem, Petra, SamB, Samantha, Teonie, Trisha","Angelo, Artem, Samantha, Teonie","Artem, Petra, Ryan, SamB, Samantha, Teonie, Trisha"
14:00,"Angelo, Artem, Petra, Ryan, SamB, Trisha","Aneesa, Angelo, Artem, Petra, Samantha, Teonie, Trisha","Angelo, Artem, Petra, SamB, Samantha, Teonie, Trisha","Angelo, Samantha, Teonie","Aneesa, Artem, Petra, Ryan, SamB, Samantha, Teonie, Trisha"
15:00,"Angelo, Artem, Petra, Ryan, SamB, Trisha","Aneesa, Angelo, Artem, Petra, Samantha, Teonie, Trisha","Aneesa, Angelo, Artem, Petra, Ryan, Samantha, Teonie, Trisha","Angelo, Samantha, Teonie","Aneesa, Artem, Petra, Ryan, SamB, Samantha, Teonie, Trisha"
16:00,"Aneesa, Artem, Petra, Ryan, SamB, Trisha","Aneesa, Angelo, Artem, Petra, Samantha, Trisha","Aneesa, Angelo, Petra, Ryan, Samantha, Trisha","Angelo, Samantha, Teonie","Aneesa, Artem, Petra, Ryan, SamB, Samantha, Teonie, Trisha"
17:00,"Aneesa, Angelo, Artem, Petra, Ryan, SamB, Samantha","Aneesa, Angelo, Artem, Samantha, Trisha","Aneesa, Angelo, Petra, Ryan, Samantha, Trisha","Aneesa, Angelo, Samantha, Teonie","Aneesa, Artem, Petra, Ryan, SamB, Samantha, Teonie, Trisha"
18:00,"Aneesa, Angelo, Artem, Petra, Ryan, SamB, Samantha","Aneesa, Angelo, Artem, Petra, SamB, Samantha, Trisha","Aneesa, Angelo, Petra, Ryan, Samantha, Trisha","Aneesa, Angelo, Petra, Samantha, Teonie","Aneesa, Artem, Petra, Ryan, SamB, Samantha, Teonie, Trisha"
