Time,Tue-Room-1,Tue-Room-2,Wed-Room-1,Wed-Room-2,Thu-Room-1,Thu-Room-2,Fri-Room-1,Fri-Room-2,Sat-Room-1,Sat-Room-2
9:00,"Rianda San Juan - Industry and Sponsorships (Artem, Ryan)",,"Larry Lai - Industry and Sponsorships (Artem, Teonie)",,"Felix Mathew - Projects, Workshops (Angelo, Petra)","Raiyan Azad Shoily - Marketing x Creatives (Ryan, Teonie)",,,,
10:00,"Amber Lucas - Women in Mechatronics (Ryan, Trisha)","Faisal Othiri - Projects, Workshops (Aneesa, Artem)","Jessica Liu - Industry and Sponsorships, Women in Mechatronics (Artem, Trisha)",,"Aurelia Gunawan - Outreach (Petra, Ryan)",,"Garry Liu - Marketing x Creatives (Angelo, Samantha)",,,
11:00,"Tony Pham - Industry and Sponsorships (Aneesa, Artem)",,,,"Mikayla Harvey - Projects, Workshops (Angelo, Petra)","Nicole Zhang - Marketing x Creatives (SamB, Teonie)","Eric Lin - Outreach (Angelo, Samantha)",,,
12:00,"Anna Xian - Workshops (Aneesa, Ryan)",,"Nathan Wahiudinata - Marketing x Creatives (Teonie, Trisha)",,"Ethan Rafael Macaraeg Jumauan - Socials (SamB, Teonie)",,,,,
13:00,"Anna Xian - Projects, Women in Mechatronics (Aneesa, Trisha)","Hugo Ohis - Socials (Artem, SamB)","Martine Zeilinga - Marketing x Creatives, Projects (Aneesa, Teonie)","Arjun Agarwal - IT (Artem, Petra)","Aydan pang - Outreach (Petra, Teonie)","Jade Williams - Marketing x Creatives, Socials (SamB, Samantha)","Arabella Tavares - Marketing x Creatives, Outreach (Angelo, Samantha)",,"Aakriti Bhagat - Socials (Petra, SamB)",
14:00,"Jade Williams - Women in Mechatronics (Ryan, Trisha)",,"Anish Reddy - Marketing x Creatives (Teonie, Trisha)",,"Hamish Stoddart - Projects (Petra, Teonie)","Maytham Anwer - Socials (SamB, Samantha)","Josep Francis Sergio - Marketing x Creatives, Outreach (Angelo, Samantha)",,,
15:00,"Ella Reynolds - Socials (SamB, Trisha)","Sam Gould - Projects (Artem, Ryan)","Kavin Maran - Industry and Sponsorships, Marketing x Creatives (Artem, Teonie)","Kavisha Manatunga - Women in Mechatronics (Aneesa, Trisha)","Anjika Sharma - Outreach (Angelo, Samantha)","Raunaq Plaha - IT, Projects (Ryan, Teonie)","Nakshi Kshitijkumar Shah - Workshops, Women in Mechatronics (Angelo, Samantha)",,"Rianna De Saram - Outreach, Socials (Petra, SamB)",
16:00,"Anoushka Jain - Women in Mechatronics (Ryan, Trisha)","Arabella Tavares - Socials (Aneesa, SamB)","Sophia Andrews - Projects, Women in Mechatronics (Aneesa, Trisha)",,"Mannan Vivek Zaveri - Projects, Workshops (Angelo, Ryan)",,,,"Ethan Khisa - Outreach (Petra, SamB)",
17:00,"Lori Ieong - Industry and Sponsorships (Aneesa, Artem)",,"Kobe Goodridge - Workshops (Aneesa, Artem)",,"Jahi Patel - Outreach (Petra, Samantha)",,,,"Alyssa Cheong - Outreach (Petra, SamB)",
18:00,,,"Taylor Tran - Women in Mechatronics (Aneesa, Trisha)",,"Cody Tran - Outreach (Petra, Ryan)","Harish Rakavan Varathan - Marketing x Creatives, Outreach (Angelo, Samantha)","Mayukh Roy - Marketing x Creatives (Angelo, Samantha)","Kemrose Dalam - Women in Mechatronics (Petra, Teonie)",,
