Applicant,Email,Positions,Interviewers,Time Slot,Formatted Time,Room
Garry Liu,liugarry372@gmail.com,Marketing x Creatives,"Angelo, Samantha",Fri-10,24/10 Friday 10:00am,"Main Library, L4 RM 401"
Eric Lin,lineric401@gmail.com,Outreach,"Angelo, Samantha",Fri-11,24/10 Friday 11:00am,"Main Library, L4 RM 401"
Arabella Tavares,arabellatav23@gmail.com,"Marketing x Creatives, Outreach","Angelo, Samantha",Fri-13,24/10 Friday 1:00pm,"Main Library, L4 RM 401"
Josep Francis Sergio,josepsergio2005@gmail.com,"Marketing x Creatives, Outreach","Angelo, Samantha",Fri-14,24/10 Friday 2:00pm,"Main Library, L4 RM 401"
Nakshi Kshitijkumar Shah,nakshishah1807@gmail.com,"Workshops, Women in Mechatronics","Angelo, Samantha",Fri-15,24/10 Friday 3:00pm,"Main Library, L4 RM 401"
Mayukh Roy,mayukhroy2021@gmail.com,Marketing x Creatives,"Angelo, Samantha",Fri-18,24/10 Friday 6:00pm,"Main Library, L4 RM 401"
Aakriti Bhagat,aakritibhagat1@gmail.com,Socials,"Petra, SamB",Sat-13,25/10 Saturday 1:00pm,"Main Library, L3 RM 303"
Rianna De Saram,riannadesaram@gmail.com,"Outreach, Socials","Petra, SamB",Sat-15,25/10 Saturday 3:00pm,"Main Library, L3 RM 303"
Ethan Khisa,ethan.khisa@gmail.com,Outreach,"Petra, SamB",Sat-16,25/10 Saturday 4:00pm,"Main Library, L3 RM 303"
Alyssa Cheong,alyssacheong1@gmail.com,Outreach,"Petra, SamB",Sat-17,25/10 Saturday 5:00pm,"Main Library, L3 RM 303"
Aurelia Gunawan,aurelia.g0107@gmail.com,Outreach,"Petra, Ryan",Thu-10,23/10 Thursday 10:00am,"Main Library, L3 RM 301"
Mikayla Harvey,mikayla.harvey2005@gmail.com,"Projects, Workshops","Angelo, Petra",Thu-11,23/10 Thursday 11:00am,"Main Library, L3 RM 301"
Nicole Zhang,nicole.zhang64@gmail.com,Marketing x Creatives,"SamB, Teonie",Thu-11,23/10 Thursday 11:00am,"Main Library, L3 RM 302"
Ethan Rafael Macaraeg Jumauan,ethanrmjumauan@gmail.com,Socials,"SamB, Teonie",Thu-12,23/10 Thursday 12:00pm,"Main Library, L3 RM 301"
Aydan pang,aydanpang2005@gmail.com,Outreach,"Petra, Teonie",Thu-13,23/10 Thursday 1:00pm,"Main Library, L3 RM 301"
Jade Williams,z5480754@ad.unsw.edu.au,"Marketing x Creatives, Socials","SamB, Samantha",Thu-13,23/10 Thursday 1:00pm,"Main Library, L3 RM 302"
Hamish Stoddart,hstoddart9@outlook.com,Projects,"Petra, Teonie",Thu-14,23/10 Thursday 2:00pm,"Main Library, L3 RM 301"
Maytham Anwer,maythamanwer000@gmail.com,Socials,"SamB, Samantha",Thu-14,23/10 Thursday 2:00pm,"Main Library, L3 RM 302"
Anjika Sharma,anjikasharmaedu@gmail.com,Outreach,"Angelo, Samantha",Thu-15,23/10 Thursday 3:00pm,"Main Library, L3 RM 301"
Raunaq Plaha,raunaq.plaha@gmail.com,"IT, Projects","Ryan, Teonie",Thu-15,23/10 Thursday 3:00pm,"Main Library, L3 RM 302"
Mannan Vivek Zaveri,mannanvzaveri@gmail.com,"Projects, Workshops","Angelo, Ryan",Thu-16,23/10 Thursday 4:00pm,"Main Library, L3 RM 301"
Jahi Patel,jahi.patel11@gmail.com,Outreach,"Petra, Samantha",Thu-17,23/10 Thursday 5:00pm,"Main Library, L3 RM 301"
Cody Tran,codytran1313@gmail.com,Outreach,"Petra, Ryan",Thu-18,23/10 Thursday 6:00pm,"Main Library, L3 RM 301"
Harish Rakavan Varathan,harishrvarathan@gmail.com,"Marketing x Creatives, Outreach","Angelo, Samantha",Thu-18,23/10 Thursday 6:00pm,"Main Library, L3 RM 302"
Felix Mathew,felixmathew2006@gmail.com,"Projects, Workshops","Angelo, Petra",Thu-9,23/10 Thursday 9:00am,"Main Library, L3 RM 301"
Raiyan Azad Shoily,raiyanazadshoily@gmail.com,Marketing x Creatives,"Ryan, Teonie",Thu-9,23/10 Thursday 9:00am,"Main Library, L3 RM 302"
Amber Lucas,z5591928@ad.unsw.edu.au,Women in Mechatronics,"Ryan, Trisha",Tue-10,21/10 Tuesday 10:00am,Law Library Booth B002
Faisal Othiri,faisalalothiri@gmail.com,"Projects, Workshops","Aneesa, Artem",Tue-10,21/10 Tuesday 10:00am,Law Library Booth B003
Tony Pham,tony.pham2224@gmail.com,Industry and Sponsorships,"Aneesa, Artem",Tue-11,21/10 Tuesday 11:00am,Law Library Booth B002
Anna Xian,annaxian56@gmail.com,Workshops,"Aneesa, Ryan",Tue-12,21/10 Tuesday 12:00pm,Law Library Booth B002
Anna Xian,annaxian56@gmail.com,"Projects, Women in Mechatronics","Aneesa, Trisha",Tue-13,21/10 Tuesday 1:00pm,Law Library Booth B002
Hugo Ohis,hugo.ohis3@gmail.com,Socials,"Artem, SamB",Tue-13,21/10 Tuesday 1:00pm,Law Library Booth B003
Jade Williams,z5480754@ad.unsw.edu.au,Women in Mechatronics,"Ryan, Trisha",Tue-14,21/10 Tuesday 2:00pm,Law Library Booth B002
Ella Reynolds,ellareynolds@me.com,Socials,"SamB, Trisha",Tue-15,21/10 Tuesday 3:00pm,Law Library Booth B002
Sam Gould,sam12gould@gmail.com,Projects,"Artem, Ryan",Tue-15,21/10 Tuesday 3:00pm,Law Library Booth B003
Anoushka Jain,anoushka0675@gmail.com,Women in Mechatronics,"Ryan, Trisha",Tue-16,21/10 Tuesday 4:00pm,Law Library Booth B002
Arabella Tavares,arabellatav23@gmail.com,Socials,"Aneesa, SamB",Tue-16,21/10 Tuesday 4:00pm,Law Library Booth B003
Lori Ieong,loriieong0727@gmail.com,Industry and Sponsorships,"Aneesa, Artem",Tue-17,21/10 Tuesday 5:00pm,Law Library Booth B002
Rianda San Juan,riandasanjuan1@gmail.com,Industry and Sponsorships,"Artem, Ryan",Tue-9,21/10 Tuesday 9:00am,Law Library Booth B002
Jessica Liu,jessicaliu230@gmail.com,"Industry and Sponsorships, Women in Mechatronics","Artem, Trisha",Wed-10,22/10 Wednesday 10:00am,"Main Library, L2 RM 220a"
Nathan Wahiudinata,nwahiudinata@gmail.com,Marketing x Creatives,"Teonie, Trisha",Wed-12,22/10 Wednesday 12:00pm,"Main Library, L2 RM 220a"
Martine Zeilinga,mezeilinga@gmail.com,"Marketing x Creatives, Projects","Aneesa, Teonie",Wed-13,22/10 Wednesday 1:00pm,"Main Library, L2 RM 220a"
Anish Reddy,anish.reddy747@gmail.com,Marketing x Creatives,"Teonie, Trisha",Wed-14,22/10 Wednesday 2:00pm,"Main Library, L2 RM 220a"
Kavin Maran,kavinmaran1234@gmail.com,"Industry and Sponsorships, Marketing x Creatives","Artem, Teonie",Wed-15,22/10 Wednesday 3:00pm,"Main Library, L2 RM 220a"
Kavisha Manatunga,kavisham2019@gmail.com,Women in Mechatronics,"Aneesa, Trisha",Wed-15,22/10 Wednesday 3:00pm,"Main Library, L2 RM 220d"
Sophia Andrews,splishafighter@gmail.com,"Projects, Women in Mechatronics","Aneesa, Trisha",Wed-16,22/10 Wednesday 4:00pm,"Main Library, L2 RM 220a"
Kobe Goodridge,kobewxgoodridge@gmail.com,Workshops,"Aneesa, Artem",Wed-17,22/10 Wednesday 5:00pm,"Main Library, L2 RM 220a"
Taylor Tran,tayloravt@gmail.com,Women in Mechatronics,"Aneesa, Trisha",Wed-18,22/10 Wednesday 6:00pm,"Main Library, L2 RM 220a"
Larry Lai,laixiaolai@gmail.com,Industry and Sponsorships,"Artem, Teonie",Wed-9,22/10 Wednesday 9:00am,"Main Library, L2 RM 220a"
Arjun Agarwal,arjunagarwal427@gmail.com,IT,"Artem, Petra",Wed-13,22/10 Wednesday 1:00pm,"Main Library, L2 RM 220d"
Kemrose Dalam,kemrosedalam@gmail.com,Women in Mechatronics,"Petra, Teonie",Fri-18,24/10 Friday 6:00pm,"Main Library, L4 RM 403"
