Applicant,Email,Positions,Interviewers,Time Slot
Garry Liu,liugarry372@gmail.com,Marketing x Creatives,"Angelo, Samantha",Fri-10
Eric Lin,lineric401@gmail.com,Outreach,"Angelo, Samantha",Fri-11
Arabella Tavares,arabellatav23@gmail.com,"Marketing x Creatives, Outreach","Angelo, Samantha",Fri-13
Josep Francis Sergio,josepsergio2005@gmail.com,"Marketing x Creatives, Outreach","Angelo, Samantha",Fri-14
Nakshi Kshitijkumar Shah,nakshishah1807@gmail.com,"Workshops, Women in Mechatronics","Angelo, Samantha",Fri-15
Mayukh Roy,mayukhroy2021@gmail.com,Marketing x Creatives,"Angelo, Samantha",Fri-18
Aakriti Bhagat,aakritibhagat1@gmail.com,Socials,"Petra, SamB",Sat-13
Rianna De Saram,riannadesaram@gmail.com,"Outreach, Socials","Petra, SamB",Sat-15
Ethan Khisa,ethan.khisa@gmail.com,Outreach,"Petra, SamB",Sat-16
Alyssa Cheong,alyssacheong1@gmail.com,Outreach,"Petra, SamB",Sat-17
Aurelia Gunawan,aurelia.g0107@gmail.com,Outreach,"Petra, Ryan",Thu-10
Mikayla Harvey,mikayla.harvey2005@gmail.com,"Projects, Workshops","Angelo, Petra",Thu-11
Nicole Zhang,nicole.zhang64@gmail.com,Marketing x Creatives,"SamB, Teonie",Thu-11
Ethan Rafael Macaraeg Jumauan,ethanrmjumauan@gmail.com,Socials,"SamB, Teonie",Thu-12
Aydan pang,aydanpang2005@gmail.com,Outreach,"Petra, Teonie",Thu-13
Jade Williams,z5480754@ad.unsw.edu.au,"Marketing x Creatives, Socials","SamB, Samantha",Thu-13
Hamish Stoddart,hstoddart9@outlook.com,Projects,"Petra, Teonie",Thu-14
Maytham Anwer,maythamanwer000@gmail.com,Socials,"SamB, Samantha",Thu-14
Anjika Sharma,anjikasharmaedu@gmail.com,Outreach,"Angelo, Samantha",Thu-15
Raunaq Plaha,raunaq.plaha@gmail.com,"IT, Projects","Ryan, Teonie",Thu-15
Mannan Vivek Zaveri,mannanvzaveri@gmail.com,"Projects, Workshops","Angelo, Ryan",Thu-16
Jahi Patel,jahi.patel11@gmail.com,Outreach,"Petra, Samantha",Thu-17
Cody Tran,codytran1313@gmail.com,Outreach,"Petra, Ryan",Thu-18
Harish Rakavan Varathan,harishrvarathan@gmail.com,"Marketing x Creatives, Outreach","Angelo, Samantha",Thu-18
Felix Mathew,felixmathew2006@gmail.com,"Projects, Workshops","Angelo, Petra",Thu-9
Raiyan Azad Shoily,raiyanazadshoily@gmail.com,Marketing x Creatives,"Ryan, Teonie",Thu-9
Amber Lucas,z5591928@ad.unsw.edu.au,Women in Mechatronics,"Ryan, Trisha",Tue-10
Faisal Othiri,faisalalothiri@gmail.com,"Projects, Workshops","Aneesa, Artem",Tue-10
Tony Pham,tony.pham2224@gmail.com,Industry and Sponsorships,"Aneesa, Artem",Tue-11
Anna Xian,annaxian56@gmail.com,Workshops,"Aneesa, Ryan",Tue-12
Anna Xian,annaxian56@gmail.com,"Projects, Women in Mechatronics","Aneesa, Trisha",Tue-13
Hugo Ohis,hugo.ohis3@gmail.com,Socials,"Artem, SamB",Tue-13
Jade Williams,z5480754@ad.unsw.edu.au,Women in Mechatronics,"Ryan, Trisha",Tue-14
Ella Reynolds,ellareynolds@me.com,Socials,"SamB, Trisha",Tue-15
Sam Gould,sam12gould@gmail.com,Projects,"Artem, Ryan",Tue-15
Anoushka Jain,anoushka0675@gmail.com,Women in Mechatronics,"Ryan, Trisha",Tue-16
Arabella Tavares,arabellatav23@gmail.com,Socials,"Aneesa, SamB",Tue-16
Lori Ieong,loriieong0727@gmail.com,Industry and Sponsorships,"Aneesa, Artem",Tue-17
Rianda San Juan,riandasanjuan1@gmail.com,Industry and Sponsorships,"Artem, Ryan",Tue-9
Jessica Liu,jessicaliu230@gmail.com,"Industry and Sponsorships, Women in Mechatronics","Artem, Trisha",Wed-10
Nathan Wahiudinata,nwahiudinata@gmail.com,Marketing x Creatives,"Teonie, Trisha",Wed-12
Martine Zeilinga,mezeilinga@gmail.com,"Marketing x Creatives, Projects","Aneesa, Teonie",Wed-13
Anish Reddy,anish.reddy747@gmail.com,Marketing x Creatives,"Teonie, Trisha",Wed-14
Kavin Maran,kavinmaran1234@gmail.com,"Industry and Sponsorships, Marketing x Creatives","Artem, Teonie",Wed-15
Kavisha Manatunga,kavisham2019@gmail.com,Women in Mechatronics,"Aneesa, Trisha",Wed-15
Sophia Andrews,splishafighter@gmail.com,"Projects, Women in Mechatronics","Aneesa, Trisha",Wed-16
Kobe Goodridge,kobewxgoodridge@gmail.com,Workshops,"Aneesa, Artem",Wed-17
Taylor Tran,tayloravt@gmail.com,Women in Mechatronics,"Aneesa, Trisha",Wed-18
Larry Lai,laixiaolai@gmail.com,Industry and Sponsorships,"Artem, Teonie",Wed-9
Arjun Agarwal,arjunagarwal427@gmail.com,IT,"Artem, Petra",Wed-13
Kemrose Dalam,kemrosedalam@gmail.com,Women in Mechatronics,"Petra, Teonie",Fri-18
