interviewer,available_slots
Angelo,"Tue-9,Wed-9,Thu-9,Fri-9,Sat-9,Tue-10,Wed-10,Thu-10,Fri-10,Sat-10,Tue-11,Wed-11,Thu-11,Fri-11,Sat-11,Tue-12,Wed-12,Fri-12,Sat-12,Tue-13,Wed-13,Fri-13,Tue-14,Wed-14,Thu-14,Fri-14,Tue-15,Wed-15,Thu-15,Fri-15,Wed-16,Thu-16,Fri-16,Tue-17,Wed-17,Thu-17,Fri-17,Tue-18,Wed-18,Thu-18,Fri-18"
Petra,"Wed-9,Thu-9,Sat-9,Wed-10,Thu-10,Sat-10,Wed-11,Thu-11,Sat-11,Wed-12,Thu-12,Sat-12,Wed-13,Thu-13,Sat-13,Tue-14,Wed-14,Thu-14,Sat-14,Tue-15,Wed-15,Thu-15,Sat-15,Tue-16,Wed-16,Thu-16,Sat-16,Tue-17,Thu-17,Sat-17,Tue-18,Wed-18,Thu-18,Fri-18,Sat-18"
Aneesa,"Tue-9,Tue-10,Tue-11,Tue-12,Wed-12,Tue-13,Wed-13,Wed-14,Sat-14,Wed-15,Thu-15,Sat-15,Tue-16,Wed-16,Thu-16,Sat-16,Tue-17,Wed-17,Thu-17,Fri-17,Sat-17,Tue-18,Wed-18,Thu-18,Fri-18,Sat-18"
Teonie,"Wed-9,Thu-9,Sat-9,Wed-10,Thu-10,Sat-10,Wed-11,Thu-11,Sat-11,Wed-12,Thu-12,Sat-12,Wed-13,Thu-13,Fri-13,Sat-13,Wed-14,Thu-14,Fri-14,Sat-14,Wed-15,Thu-15,Fri-15,Sat-15,Fri-16,Sat-16,Fri-17,Sat-17,Fri-18,Sat-18"
Ryan,"Tue-9,Thu-9,Sat-9,Tue-10,Thu-10,Sat-10,Tue-11,Sat-11,Tue-12,Sat-12,Tue-13,Sat-13,Tue-14,Sat-14,Tue-15,Thu-15,Sat-15,Tue-16,Thu-16,Sat-16,Tue-17,Thu-17,Sat-17,Tue-18,Thu-18,Sat-18"
Artem,"Tue-9,Wed-9,Thu-9,Fri-9,Sat-9,Tue-10,Wed-10,Thu-10,Fri-10,Sat-10,Tue-11,Wed-11,Thu-11,Fri-11,Sat-11,Tue-12,Wed-12,Thu-12,Fri-12,Sat-12,Tue-13,Wed-13,Thu-13,Fri-13,Sat-13,Tue-14,Wed-14,Thu-14,Sat-14,Tue-15,Wed-15,Thu-15,Sat-15,Tue-16,Wed-16,Sat-16,Tue-17,Wed-17,Sat-17,Tue-18,Wed-18,Sat-18"
Trisha,"Tue-10,Wed-10,Thu-10,Sat-10,Wed-11,Thu-11,Sat-11,Wed-12,Thu-12,Sat-12,Tue-13,Thu-13,Sat-13,Tue-14,Wed-14,Thu-14,Sat-14,Tue-15,Wed-15,Thu-15,Sat-15,Tue-16,Wed-16,Thu-16,Sat-16,Wed-17,Thu-17,Sat-17,Wed-18,Thu-18,Sat-18"
Samantha,"Tue-9,Wed-9,Thu-9,Fri-9,Sat-9,Fri-10,Sat-10,Fri-11,Sat-11,Fri-12,Sat-12,Tue-13,Thu-13,Fri-13,Sat-13,Wed-14,Thu-14,Fri-14,Sat-14,Wed-15,Thu-15,Fri-15,Sat-15,Wed-16,Thu-16,Fri-16,Sat-16,Tue-17,Wed-17,Thu-17,Fri-17,Sat-17,Tue-18,Wed-18,Thu-18,Fri-18,Sat-18"
SamB,"Thu-11,Sat-11,Thu-12,Sat-12,Tue-13,Thu-13,Sat-13,Tue-14,Thu-14,Sat-14,Tue-15,Sat-15,Tue-16,Sat-16,Tue-17,Sat-17,Tue-18,Wed-18,Sat-18"
